YEAR,MONTH,STARTDAY,LENGTH,TD,T,S,PPT,DV
1930,10,1,31,-9.63,1.45,10.88,42.9,6.64
1930,11,1,30,-10.97,-1.82,6.17,28.53,6.67
1930,12,1,31,-11.58,-3.48,4.59,1.99,6.69
1931,1,1,31,-8.91,-1.27,5.49,1.84,6.72
1931,2,1,28,-4.91,1.95,8.08,4.35,6.74
1931,3,1,31,-8.32,-0.24,13.53,18.95,6.77
1931,4,1,30,-5.65,4.78,20.85,3.43,6.79
1931,5,1,31,-1.29,9.57,26.3,8.32,6.82
1931,6,1,30,5.56,14.72,26.46,63.14,6.84
1931,7,1,31,5.25,16.05,26,89.45,6.86
1931,8,1,31,4.74,15.74,22.62,14.03,6.89
1931,9,1,30,1.71,11.66,16.08,75.16,6.91
1931,10,1,31,-4.65,6.07,10.69,0.7,6.94
1931,11,1,30,-10.88,-1.48,6.2,6.92,6.96
1931,12,1,31,-12.13,-4.15,4.51,24.5,6.99
1932,1,1,31,-12.96,-4.91,5.51,7.76,7.01
1932,2,1,29,-12.98,-3.98,9.4,17.64,7.03
1932,3,1,31,-11.3,-3.3,13.76,35.75,7.06
1932,4,1,30,-2.22,6.15,17.99,68.83,7.08
1932,5,1,31,-0.67,9.52,25.78,41.16,7.11
1932,6,1,30,4.67,13.7,25.96,140.35,7.13
1932,7,1,31,5.13,16.47,27.08,47.68,7.16
1932,8,1,31,5.15,15.8,22.62,82.51,7.18
1932,9,1,30,-0.49,10.66,16.73,15.63,7.21
1932,10,1,31,-5.95,3.61,9.79,38.5,7.23
1932,11,1,30,-11.67,-2.85,5.99,44.83,7.25
1932,12,1,31,-15.29,-6.76,4.69,0.85,7.28
1933,1,1,31,-10.77,-2.45,5.6,6.58,7.3
1933,2,1,28,-15.95,-6.51,9.61,6.18,7.33
1933,3,1,31,-6.73,1.99,13.85,13.2,7.35
1933,4,1,30,-4.96,3.53,18.91,40.55,7.38
1933,5,1,31,-0.61,8.66,23.87,90.28,7.38
1933,6,1,30,5.86,15.27,26.6,74.92,7.4
1933,7,1,31,5.8,18.09,27.73,18.08,7.42
1933,8,1,31,4.74,16.06,22.83,106.8,7.44
1933,9,1,30,1.7,11.62,16.35,32.38,7.46
1933,10,1,31,-4.65,4.45,9.49,31.36,7.48
1933,11,1,30,-5.97,1.57,5.27,25.64,7.5
1933,12,1,31,-16.74,-8.53,4.43,41.59,7.52
1934,1,1,31,-10.26,-2.12,5.51,2.3,7.53
1934,2,1,28,-6.82,-0.02,8.02,8.43,7.56
1934,3,1,31,-7.26,0.68,13.24,26.3,7.57
1934,4,1,30,-4.04,5.48,20.09,12.53,7.6
1934,5,1,31,2.44,12.05,24.38,35.95,7.62
1934,6,1,30,2.69,12.19,26.68,73.91,7.64
1934,7,1,31,5.98,17.34,27.06,33.72,7.66
1934,8,1,31,3.9,15.88,23.5,12.31,7.67
1934,9,1,30,-1.14,8.21,15.46,48.2,7.7
1934,10,1,31,-3.02,7.8,10.69,2.43,7.71
1934,11,1,30,-7.19,1.72,5.81,11.76,7.74
1934,12,1,31,-14.41,-6.56,4.48,15.17,7.75
1935,1,1,31,-18.14,-9.29,5.77,24.22,7.78
1935,2,1,28,-12.42,-3.75,9.33,4.68,7.79
1935,3,1,31,-10.06,-2.1,13.52,39.2,7.82
1935,4,1,30,-6.85,2.7,20.44,17.15,7.84
1935,5,1,31,-1.73,6.96,23.57,60.64,7.85
1935,6,1,30,2.6,12.34,27.3,59.12,7.88
1935,7,1,31,6.11,17.67,27.46,125.28,7.89
1935,8,1,31,3.08,14.37,22.92,16.81,7.92
1935,9,1,30,-0.02,12.06,17.39,15.25,7.93
1935,10,1,31,-5.72,5.24,10.61,15.18,7.96
1935,11,1,30,-14.12,-4.84,6.38,17.83,7.96
1935,12,1,31,-12,-3.66,4.52,10.14,7.96
1936,1,1,31,-18.52,-10.72,5.53,18.8,7.96
1936,2,1,29,-26.66,-19.59,8.73,21.47,7.96
1936,3,1,31,-8.94,-1.12,13.69,19.69,7.96
1936,4,1,30,-7.69,2.3,20.9,17.09,7.96
1936,5,1,31,2.21,12.06,24.89,55.97,7.96
1936,6,1,30,3.88,14.18,27.64,30.49,7.96
1936,7,1,31,7.14,21.02,27.83,9.81,7.96
1936,8,1,31,6.06,17.37,22.76,34.83,7.96
1936,9,1,30,1.46,13.25,16.93,20.87,7.96
1936,10,1,31,-4.78,6.46,10.5,20.3,7.96
1936,11,1,30,-10.06,-0.38,6.18,11.99,7.96
1936,12,1,31,-14.37,-5.96,4.61,26.21,7.96
1937,1,1,31,-22.74,-14.51,5.74,10.78,7.96
1937,2,1,28,-16.88,-8.38,9.33,5.58,7.96
1937,3,1,31,-8.9,-0.77,13.52,25.59,7.96
1937,4,1,30,-3.23,4.97,18.72,27.06,7.96
1937,5,1,31,1.15,10.92,24.99,4.85,7.96
1937,6,1,30,3.58,13.7,27.28,50.45,7.96
1937,7,1,31,6.41,18.39,27.36,22.32,7.96
1937,8,1,31,4.51,17.05,23.61,5.58,7.96
1937,9,1,30,1.38,12.17,16.56,63.52,7.96
1937,10,1,31,-2.16,7.19,9.75,54.02,7.96
1937,11,1,30,-7.58,-0.09,5.15,6.68,7.96
1937,12,1,31,-13.27,-5.13,4.53,7.69,7.96
1938,1,1,31,-8.98,-1.96,5.09,17.04,7.96
1938,2,1,28,-16.51,-8.78,8.84,16.85,7.96
1938,3,1,31,-7.01,0.93,13.17,42.16,7.96
1938,4,1,30,-5.03,4.26,20.03,16.18,7.96
1938,5,1,31,-0.82,8.28,24.43,89.65,7.96
1938,6,1,30,4,13.6,26.98,137.83,7.96
1938,7,1,31,5.86,16.59,26.93,95.98,7.96
1938,8,1,31,3.7,15.94,23.53,30.18,7.98
1938,9,1,30,2.67,14.86,17.08,118.05,7.99
1938,10,1,31,-1.73,7.97,9.85,59.25,7.99
1938,11,1,30,-9.25,-1.5,5.48,39.01,8.01
1938,12,1,31,-10.22,-2.49,4.37,15.58,8.02
1939,1,1,31,-8.77,-0.91,5.47,16.21,8.03
1939,2,1,28,-18.42,-9.88,9.09,4.06,8.04
1939,3,1,31,-9.59,-0.93,13.9,15.23,8.05
1939,4,1,30,-3.25,5.66,19.39,29.27,8.06
1939,5,1,31,1.06,10.8,24.91,126.96,8.07
1939,6,1,30,1.91,10.52,25.68,172.69,8.08
1939,7,1,31,5.99,17.64,27.51,16.31,8.09
1939,8,1,31,3.38,15.48,23.32,38.7,8.1
1939,9,1,30,1.18,12.55,16.9,22.05,8.11
1939,10,1,31,-4.89,4.7,10.07,22.76,8.12
1939,11,1,30,-8.97,2.36,6.72,1.02,8.13
1939,12,1,31,-8.98,-0.77,4.37,42.64,8.14
1940,1,1,31,-16.99,-9.21,5.56,8.56,8.15
1940,2,1,29,-11.18,-3.8,8.83,18.71,8.16
1940,3,1,31,-8.23,-1,12.59,32.48,8.17
1940,4,1,30,-5.46,2.3,18.21,73.55,8.18
1940,5,1,31,0.5,10.63,26.01,57.04,8.19
1940,6,1,30,3.34,13.12,27.2,65.25,8.2
1940,7,1,31,5.56,16.78,27.01,88.03,8.21
1940,8,1,31,4.15,16.69,23.38,6.04,8.22
1940,9,1,30,2.44,14.49,17.01,13.94,8.23
1940,10,1,31,-1.99,8.55,9.78,38.78,8.24
1940,11,1,30,-17.06,-6.99,6.38,31.53,8.25
1940,12,1,31,-6.11,-0.24,3.35,2.87,8.26
1941,1,1,31,-11.06,-3.43,5.23,13.83,8.26
1941,2,1,28,-10.74,-2.36,9.04,18.66,8.27
1941,3,1,31,-7.51,0.66,13.21,18.4,8.27
1941,4,1,30,-3.41,4.92,18.75,38.2,8.28
1941,5,1,31,1.67,11.02,23.83,51.85,8.29
1941,6,1,30,4.12,12.98,25.59,107.82,8.29
1941,7,1,31,6.35,17.76,27.21,15.79,8.3
1941,8,1,31,5.86,16.07,22.18,65.74,8.31
1941,9,1,30,0.4,8.85,14.88,49.68,8.31
1941,10,1,31,-4.68,5.66,10.17,15.82,8.32
1941,11,1,30,-7.53,0.82,5.6,43.06,8.33
1941,12,1,31,-9.42,-2.04,4.23,8.62,8.33
1942,1,1,31,-11.81,-2.92,5.69,5.43,8.34
1942,2,1,28,-11.26,-3.83,8.62,25.95,8.35
1942,3,1,31,-7.25,1.04,13.27,24.51,8.35
1942,4,1,30,-3.88,5.56,19.88,39.48,8.36
1942,5,1,31,-1.61,7.38,23.52,73.92,8.37
1942,6,1,30,1.77,10.94,26.44,202.86,8.38
1942,7,1,31,4.47,15.66,27.4,24.14,8.38
1942,8,1,31,4.05,15.15,22.85,44.75,8.39
1942,9,1,30,0.71,10.33,15.82,43.73,8.39
1942,10,1,31,-3.81,6.61,10.14,37.55,8.4
1942,11,1,30,-9.44,-1.38,5.45,31.46,8.41
1942,12,1,31,-14.06,-5.63,4.66,13.9,8.42
1943,1,1,31,-18.69,-10.81,5.48,27.49,8.42
1943,2,1,28,-12.32,-3.46,9.32,4.15,8.43
1943,3,1,31,-13.62,-4.53,14.18,29.52,8.44
1943,4,1,30,-2.52,6.78,19.83,25.68,8.44
1943,5,1,31,-2.27,7.38,24.93,39.73,8.44
1943,6,1,30,1.98,10.81,26.06,205.43,8.46
1943,7,1,31,4.62,15.94,27.1,26.21,8.47
1943,8,1,31,3.84,15.07,23.2,49.68,8.48
1943,9,1,30,-1.67,10.02,17.23,2.25,8.49
1943,10,1,31,-3.16,7.38,10.01,56.23,8.5
1943,11,1,30,-5.94,1.42,5.18,6.86,8.52
1943,12,1,31,-9.76,-1.43,4.52,2.68,8.53
1944,1,1,31,-7.35,0.74,5.54,1.61,8.54
1944,2,1,29,-11.15,-2.76,8.95,16.19,8.55
1944,3,1,31,-12.55,-4.59,13.69,41.81,8.56
1944,4,1,30,-3.82,4.89,19.3,28.38,8.58
1944,5,1,31,0.69,10.22,24.44,47.55,8.59
1944,6,1,30,1.71,10.8,26.34,188.41,8.6
1944,7,1,31,2.41,13.85,27.54,15.49,8.61
1944,8,1,31,2.92,12.86,21.87,82.37,8.63
1944,9,1,30,-0.03,10.7,16.68,42.89,8.63
1944,10,1,31,-4.04,7.71,10.8,4.88,8.63
1944,11,1,30,-9.84,-2.37,5.2,37.17,8.64
1944,12,1,31,-12.33,-4.14,4.58,4.06,8.64
1945,1,1,31,-11.95,-3.79,5.54,16.32,8.65
1945,2,1,28,-13.25,-4.22,9.35,15.86,8.66
1945,3,1,31,-7.64,1.05,14,38.04,8.67
1945,4,1,30,-7.66,1.7,20.13,38.87,8.68
1945,5,1,31,-3.22,6.21,24.65,33.04,8.7
1945,6,1,30,0.5,9.65,26.29,78.49,8.71
1945,7,1,31,4.53,15.96,27.53,16.95,8.72
1945,8,1,31,3.14,14.34,23.03,23.78,8.74
1945,9,1,30,-1.77,7.86,15.88,59.36,8.75
1945,10,1,31,-4.6,6.2,10.52,24.41,8.76
1945,11,1,30,-15.15,-5.84,6.24,26.22,8.78
1945,12,1,31,-16.46,-8.6,4.5,23.03,8.78
1946,1,1,31,-12.84,-4.11,5.76,6.71,8.78
1946,2,1,28,-12.21,-4,9.05,13.03,8.78
1946,3,1,31,-5.25,3.2,13.57,19.59,8.79
1946,4,1,30,-3.11,6.66,20.79,7.95,8.81
1946,5,1,31,-3.35,7.01,25.54,47.79,8.81
1946,6,1,30,1.73,11.75,27.43,86.24,8.87
1946,7,1,31,5.25,16.56,27.3,155.81,8.93
1946,8,1,31,2.12,13.58,22.98,11.87,8.99
1946,9,1,30,0.02,9.63,15.21,101.49,9.02
1946,10,1,31,-5.64,3.36,9.55,30.22,9.02
1946,11,1,30,-13.19,-4.25,6.12,27.75,9.08
1946,12,1,31,-15.73,-7,4.71,21.52,9.11
1947,1,1,31,-10.48,-2.81,5.32,14.29,9.17
1947,2,1,28,-16.43,-7.56,9.27,10.5,9.22
1947,3,1,31,-12.67,-4.62,13.42,25,9.27
1947,4,1,30,-3.7,4.21,18.21,45.93,9.27
1947,5,1,31,-2.68,7.08,25.5,33.09,9.3
1947,6,1,30,1.72,10.95,26.56,103.36,9.3
1947,7,1,31,5.25,17.13,27.69,36.32,9.3
1947,8,1,31,4.85,15.17,22.37,104.19,9.33
1947,9,1,30,0.35,9.38,15.34,32.37,9.36
1947,10,1,31,-2.33,7.86,10.21,16.53,9.42
1947,11,1,30,-9.57,-2.31,5.25,16.52,9.39
1947,12,1,31,-9.99,-2.4,4.28,15.61,9.2
1948,1,1,31,-8.97,-1.23,5.38,11.01,9.02
1948,2,1,29,-15.92,-7.14,9.33,25.77,8.93
1948,3,1,31,-11.2,-2.78,13.85,26.21,8.87
1948,4,1,30,-5,3.94,19.82,51.1,8.81
1948,5,1,31,-0.08,9.46,25.06,99.99,8.81
1948,6,1,30,3.69,12.31,24.83,113.25,8.78
1948,7,1,31,5.17,14.9,25.64,76.33,8.66
1948,8,1,31,5.15,16.44,22.94,64.32,8.63
1948,9,1,30,1.54,13.06,16.6,24.12,8.69
1948,10,1,31,-5.37,6.57,10.76,1.06,8.63
1948,11,1,30,-6.56,0.56,5.05,32.12,8.56
1948,12,1,31,-18.3,-9.79,4.67,31.76,8.6
1949,1,1,31,-17.78,-9.42,5.65,10.59,8.63
1949,2,1,28,-19.13,-10.58,9.22,11.38,8.63
1949,3,1,31,-9.36,-1.2,13.65,9.13,8.63
1949,4,1,30,-3.34,6.91,20.92,0,8.56
1949,5,1,31,0.22,10.5,25.27,48.04,8.53
1949,6,1,30,2.32,12.34,27.44,41.93,8.56
1949,7,1,31,4.86,15.25,26.05,47.34,8.72
1949,8,1,31,4.91,17.18,23.49,17.37,8.96
1949,9,1,30,-1.26,10.1,16.87,8.82,9.3
1949,10,1,31,-4.98,4.26,9.82,39.14,9.78
1949,11,1,30,-4.65,5,6.26,0.57,10.24
1949,12,1,31,-20.45,-11.44,4.78,36.2,10.61
1950,1,1,31,-21.82,-13.48,5.73,27.8,10.88
1950,2,1,28,-13.08,-4.92,8.93,24.12,11.06
1950,3,1,31,-12.57,-4.72,13.06,37.09,11.19
1950,4,1,30,-7.88,0.52,19.5,37.53,11.31
1950,5,1,31,-2.33,6.94,23.9,47.47,11.46
1950,6,1,30,1.57,11.29,27.03,164.31,11.67
1950,7,1,31,3.44,13.77,26.66,19.47,12.04
1950,8,1,31,1.8,12.5,22.69,58.84,12.37
1950,9,1,30,0.59,10.23,15.43,101.67,12.59
1950,10,1,31,-3.43,6.44,10.07,8.61,12.89
1950,11,1,30,-13.72,-4.13,6.2,20.16,12.95
1950,12,1,31,-13.82,-5.76,4.55,15.93,13.17
1951,1,1,31,-16.26,-7.84,5.73,25.66,13.41
1951,2,1,28,-17.2,-7.76,9.62,32.75,13.66
1951,3,1,31,-19.01,-10.26,14.49,39.34,13.9
1951,4,1,30,-9.11,1.01,21.19,41.25,14.11
1951,5,1,31,-0.6,9.5,25.36,13.2,14.3
1951,6,1,30,-0.49,9.97,28.29,85.84,14.42
1951,7,1,31,3.54,15.75,27.68,14.38,14.57
1951,8,1,31,2.69,12.94,22.4,73.75,14.72
1951,9,1,30,-1.26,7.76,15.28,59,14.9
1951,10,1,31,-5.02,4.09,9.4,28.39,15.03
1951,11,1,30,-11.22,-2.77,5.83,14.77,15.18
1951,12,1,31,-20.93,-12.17,4.82,23.66,15.27
1952,1,1,31,-16.91,-8.6,5.59,11.19,15.3
1952,2,1,29,-13.16,-4.58,9.33,34.97,15.33
1952,3,1,31,-15.1,-6.44,14.63,24.08,15.39
1952,4,1,30,-2.96,6.46,20.42,11.35,15.42
1952,5,1,31,-0.87,9.02,25.59,69.99,15.48
1952,6,1,30,1.83,12.05,27.85,71.37,15.54
1952,7,1,31,2.64,13.19,26.42,102.82,15.61
1952,8,1,31,3.27,14.11,22.56,53.66,15.64
1952,9,1,30,1.54,12.32,16.41,41.65,15.64
1952,10,1,31,-6.17,5.39,10.74,0.16,15.64
1952,11,1,30,-8.54,0.18,5.69,4.74,15.64
1952,12,1,31,-12.3,-3.92,4.58,9.34,15.7
1953,1,1,31,-11.22,-3.11,5.4,18.7,15.67
1953,2,1,28,-8.51,-1.37,8.26,18.78,15.64
1953,3,1,31,-9.2,-1.15,13.32,40.76,15.64
1953,4,1,30,-6.83,1.09,18.01,46.4,15.61
1953,5,1,31,-1.78,6.57,22.13,143.5,15.54
1953,6,1,30,3.69,12.32,25.63,141.66,15.48
1953,7,1,31,5.31,15.59,26.54,7.19,15.42
1953,8,1,31,4.83,15.78,22.86,36.74,15.3
1953,9,1,30,1.08,11.47,16.39,25.74,15.21
1953,10,1,31,-2.03,8.67,10.51,21.69,15.12
1953,11,1,30,-5,3.8,5.9,7.93,15.03
1953,12,1,31,-8.33,-0.98,4.22,26.2,14.94
1954,1,1,31,-17.64,-10.21,5.43,21.68,14.84
1954,2,1,28,-5.22,1.77,8.25,16.1,14.72
1954,3,1,31,-11.58,-3.76,13.27,39.13,14.63
1954,4,1,30,-8.43,0.74,19.97,32.49,14.54
1954,5,1,31,-1.67,7.25,23.92,89.9,14.39
1954,6,1,30,2.16,11.05,25.86,82.03,14.26
1954,7,1,31,5.62,16.62,26.73,18.54,14.14
1954,8,1,31,5.16,14.28,21.28,111.1,14.02
1954,9,1,30,1.25,9.16,13.77,73.14,13.87
1954,10,1,31,-3.97,5.57,9.84,23.54,13.72
1954,11,1,30,-3.69,4.98,5.87,4.49,13.59
1954,12,1,31,-8.29,-0.35,4.44,7.07,13.41
1955,1,1,31,-12.24,-4.55,5.41,12.95,13.26
1955,2,1,28,-14.21,-6.24,8.88,15.82,13.17
1955,3,1,31,-12.37,-4.19,13.62,18.68,12.8
1955,4,1,30,-3.1,5.06,18.18,48.24,12.62
1955,5,1,31,-0.97,7.73,22.92,126.77,12.41
1955,6,1,30,2.53,11.94,27,26.26,12.16
1955,7,1,31,5.8,15.85,26.13,125.61,11.95
1955,8,1,31,4.39,16.62,23.54,1.71,11.7
1955,9,1,30,-1.01,9.44,16.34,23.79,11.55
1955,10,1,31,-3.64,7.16,10.63,7.33,11.31
1955,11,1,30,-18.29,-11.12,4.98,28.44,11.06
1955,12,1,31,-17.89,-10.1,4.31,20.11,10.91
1956,1,1,31,-14.47,-7.17,5.35,4.62,10.76
1956,2,1,29,-14.87,-6.8,9.21,9.7,10.64
1956,3,1,31,-10.09,-1.65,13.99,6.18,10.49
1956,4,1,30,-8.97,1.2,21.22,7.75,10.33
1956,5,1,31,-0.27,8.65,23.85,66.99,10.12
1956,6,1,30,4,13.92,27.15,90.51,9.94
1956,7,1,31,4.4,14.27,25.85,32.64,9.72
1956,8,1,31,3.36,13.98,22.5,82.27,9.51
1956,9,1,30,0.09,10.32,16.28,16.92,9.27
1956,10,1,31,-3.86,6.57,10.3,1.62,9.08
1956,11,1,30,-6.5,1.78,5.64,11.64,8.9
1956,12,1,31,-10.74,-3.13,4.25,12.45,8.69
1957,1,1,31,-16.95,-9.58,5.37,13.85,8.5
1957,2,1,28,-12.11,-4.67,8.54,16.94,8.26
1957,3,1,31,-7.27,0.15,12.87,6.99,8.02
1957,4,1,30,-4.96,3.4,18.88,46.89,7.77
1957,5,1,31,0.28,9.64,24.21,40.11,7.5
1957,6,1,30,2.77,12.25,27.12,63.96,7.22
1957,7,1,31,5.55,17.45,27.72,19.24,6.98
1957,8,1,31,5.01,14.8,21.88,46.63,6.68
1957,9,1,30,1.14,10.57,15.85,51.21,6.43
1957,10,1,31,-4.39,4.3,9.36,25.39,6.13
1957,11,1,30,-5.62,1.23,4.86,7.14,5.79
1957,12,1,31,-6.93,0.11,4.15,1.71,5.49
1958,1,1,31,-4.42,1.98,4.63,3.06,5.18
1958,2,1,28,-12.1,-4.59,8.62,15.84,4.88
1958,3,1,31,-8.08,-1.43,11.73,12.07,4.57
1958,4,1,30,-3.61,4.75,18.98,26.2,4.15
1958,5,1,31,0.93,11.26,25.89,14.96,3.87
1958,6,1,30,1.29,11,27.47,50.36,3.54
1958,7,1,31,3.8,13.53,25.84,32.16,3.14
1958,8,1,31,5.64,17.19,23.02,23.8,2.71
1958,9,1,30,1.18,11.14,16.11,24.88,2.35
1958,10,1,31,-4.04,6.89,10.65,6.2,1.98
1958,11,1,30,-9.53,-1.82,5.44,47.15,1.55
1958,12,1,31,-12.67,-5.51,4.25,6.91,1.25
1959,1,1,31,-14.75,-7.55,5.28,9.61,0.82
1959,2,1,28,-17.08,-9.16,9.1,11.92,0.61
1959,3,1,31,-6.59,0.98,13.17,8.41,0.64
1959,4,1,30,-5.17,3.56,19.35,15.78,0.67
1959,5,1,31,-2.68,6.67,24.25,35.48,0.73
1959,6,1,30,3.55,13.04,26.63,102.99,0.76
1959,7,1,31,4.69,15.9,27.19,17.43,0.79
1959,8,1,31,3.91,14.9,22.99,19.82,0.85
1959,9,1,30,0.38,9.02,14.92,75.7,0.94
1959,10,1,31,-5.24,3.38,9.45,34.21,1.01
1959,11,1,30,-12.08,-4.28,5.59,25.98,1.04
1959,12,1,31,-8.02,-1.31,4.04,1.56,1.07
1960,1,1,31,-13.5,-5.81,5.41,9.11,1.1
1960,2,1,29,-12.13,-5.26,8.51,9.54,1.1
1960,3,1,31,-10.87,-2.79,13.94,6.61,1.13
1960,4,1,30,-4.01,3.83,18.24,28.05,1.16
1960,5,1,31,-0.88,8.72,25.14,74.54,1.19
1960,6,1,30,2.17,11.71,26.96,44.62,1.31
1960,7,1,31,5.39,17.78,27.69,11.87,1.43
1960,8,1,31,4.41,14.63,22.27,61.18,1.49
1960,9,1,30,0.09,11.69,17.1,0.57,1.55
1960,10,1,31,-3.73,6.68,10.29,7.49,1.58
1960,11,1,30,-9.64,-1.23,5.73,15.7,1.62
1960,12,1,31,-10.75,-3.84,4.16,10.86,1.65
1961,1,1,31,-7.73,-1.3,4.86,2.76,1.68
1961,2,1,28,-8.04,-0.46,8.66,13.54,1.71
1961,3,1,31,-4.75,2.95,12.96,11.88,1.71
1961,4,1,30,-6.29,2.43,19.74,27.18,1.72
1961,5,1,31,0.22,9.23,24.01,44.79,1.73
1961,6,1,30,5.79,15.3,26.91,32.36,1.75
1961,7,1,31,5.35,16.55,27.24,17.99,1.76
1961,8,1,31,6.62,18.47,23.16,17.48,1.77
1961,9,1,30,-1.31,7,14.95,74.85,1.79
1961,10,1,31,-4.21,5.4,9.93,12.33,1.8
1961,11,1,30,-10.36,-1.83,5.9,8.93,1.81
1961,12,1,31,-18.64,-9.59,4.82,8.93,1.83
1962,1,1,31,-12.15,-4.77,5.33,11.19,1.84
1962,2,1,28,-12.85,-5.68,8.51,19.04,1.85
1962,3,1,31,-11.79,-4.11,13.1,21.99,1.87
1962,4,1,30,-2.4,6.03,18.73,12.1,1.88
1962,5,1,31,0.09,7.87,21.9,96.94,1.89
1962,6,1,30,3.58,12.92,27.05,101.19,1.91
1962,7,1,31,3.79,12.75,24.9,202.55,1.92
1962,8,1,31,4.68,14.6,22.12,68.94,1.93
1962,9,1,30,-0.56,10.12,16.86,24.22,1.94
1962,10,1,31,-1.47,7.59,9.64,51.69,1.96
1962,11,1,30,-3.44,4.3,5.4,15.28,1.97
1962,12,1,31,-9.04,-1.63,4.19,5.07,1.98
1963,1,1,31,-16.66,-8.4,5.56,11.91,2
1963,2,1,28,-7.71,-0.73,8.12,14.31,2.01
1963,3,1,31,-5.22,3.08,13.71,17.8,2.02
1963,4,1,30,-3.48,4.36,17.91,42.33,2.04
1963,5,1,31,-1.19,7.73,23.75,89.32,2.05
1963,6,1,30,3.76,12.45,25.8,179.62,2.06
1963,7,1,31,5.69,16.23,26.87,66.8,2.08
1963,8,1,31,4.91,15.96,23.03,90.23,2.09
1963,9,1,30,2.63,14,16.72,10.17,2.1
1963,10,1,31,-1.11,9.13,10.2,18.94,2.12
1963,11,1,30,-7.59,1.07,5.98,9.02,2.13
1963,12,1,31,-12.91,-5.62,4.23,8.83,2.15
1964,1,1,31,-6.37,-0.34,4.71,16.74,2.16
1964,2,1,29,-6.15,0.63,8.18,31.55,2.17
1964,3,1,31,-10.02,-2.13,13.61,26.33,2.19
1964,4,1,30,-2.52,5.18,18.13,16.2,2.2
1964,5,1,31,1.99,10.02,22.15,62.2,2.22
1964,6,1,30,4.05,12.46,24.85,117.69,2.23
1964,7,1,31,6.95,17.11,26.26,42.09,2.25
1964,8,1,31,4.91,14.32,21.51,23.12,2.26
1964,9,1,30,0.71,8.63,14.43,31.41,2.27
1964,10,1,31,-1.77,8.12,10.13,8.69,2.29
1964,11,1,30,-9.15,-1.39,5.36,20.02,2.3
1964,12,1,31,-21.2,-15.41,3.62,47.86,2.32
1965,1,1,31,-13.62,-6.81,5.14,18.2,2.33
1965,2,1,28,-13.02,-5.07,8.71,4.02,2.34
1965,3,1,31,-18.64,-10.24,14.37,17.31,2.36
1965,4,1,30,-3.84,3.52,16.9,23.22,2.37
1965,5,1,31,-0.45,7.9,22.9,130.56,2.39
1965,6,1,30,3.62,12.16,25.62,124.96,2.4
1965,7,1,31,6.54,15.53,25.21,45.56,2.42
1965,8,1,31,6.14,14.88,20.59,77.85,2.43
1965,9,1,30,-1.92,6.03,14.65,60.21,2.44
1965,10,1,31,-1.63,8.71,10.6,1.21,2.46
1965,11,1,30,-8.63,-1.15,5.36,8.5,2.47
1965,12,1,31,-8.75,-1.83,4.08,2.78,2.49
1966,1,1,31,-17.15,-10.66,4.96,19.95,2.5
1966,2,1,28,-13.49,-6.58,8.41,9.62,2.51
1966,3,1,31,-6.28,1.45,13.17,4.55,2.53
1966,4,1,30,-5.83,1.81,17.95,32.44,2.54
1966,5,1,31,0.53,9.48,23.99,97.82,2.55
1966,6,1,30,3.44,12.23,25.93,46.45,2.57
1966,7,1,31,6.74,16.42,25.6,81.66,2.58
1966,8,1,31,4.55,13.58,20.79,83.57,2.59
1966,9,1,30,2.6,12.9,16.59,15.79,2.6
1966,10,1,31,-2.89,6.22,9.74,24.82,2.61
1966,11,1,30,-10.69,-3.25,5.44,14.36,2.62
1966,12,1,31,-9.46,-3.46,3.75,7.88,2.64
1967,1,1,31,-11.21,-3.96,5.22,28.17,2.65
1967,2,1,28,-11.26,-3.88,8.58,43.33,2.66
1967,3,1,31,-10.47,-3.33,12.49,35.68,2.67
1967,4,1,30,-6.55,1,17.57,33.57,2.68
1967,5,1,31,-0.97,6.94,21.96,8.75,2.69
1967,6,1,30,2.81,11.51,25.68,32.1,2.71
1967,7,1,31,5.88,16.36,26.95,22.01,2.72
1967,8,1,31,5.83,16.44,22.67,1.97,2.73
1967,9,1,30,2.76,12.91,16.13,82.2,2.74
1967,10,1,31,-2.03,6.14,9.02,53.78,2.75
1967,11,1,30,-6.69,0.25,5.08,23.09,2.76
1967,12,1,31,-13.01,-5.73,4.22,17.98,2.78
1968,1,1,31,-12.39,-5.32,5.15,8.8,2.79
1968,2,1,29,-8.54,-1.91,7.91,8.42,2.8
1968,3,1,31,-4.26,3.73,13.38,4.81,2.81
1968,4,1,30,-4.8,3.67,19.18,26.72,2.83
1968,5,1,31,-1.22,7.48,24.27,15.37,2.84
1968,6,1,30,2.56,11.43,25.32,93.22,2.85
1968,7,1,31,4.45,15.56,27.15,16.74,2.86
1968,8,1,31,3.37,12.97,21.57,80.26,2.87
1968,9,1,30,1.29,10.92,16,60.13,2.88
1968,10,1,31,-3.29,6.46,9.91,8.73,2.9
1968,11,1,30,-5.52,1.62,4.85,9.06,2.91
1968,12,1,31,-15.66,-8.68,4.17,19.35,2.92
1969,1,1,31,-20,-13.28,5.13,30.75,2.94
1969,2,1,28,-13.55,-6.89,8.07,9.24,2.95
1969,3,1,31,-12.47,-4.72,13.29,11.62,2.96
1969,4,1,30,-2.39,5.79,18.49,61.95,2.97
1969,5,1,31,-0.91,8.74,25.18,11.09,2.98
1969,6,1,30,0.56,10.28,26.4,85.94,3
1969,7,1,31,4.55,13.56,25.38,164.5,3.01
1969,8,1,31,5.11,17.56,23.63,3,3.02
1969,9,1,30,1.47,12.45,16.93,24.3,3.04
1969,10,1,31,-5.63,2.94,9.26,53.54,3.05
1969,11,1,30,-6.2,2.43,5.84,1.17,3.06
1969,12,1,31,-9.43,-2.33,4.1,8.72,3.08
1970,1,1,31,-14.19,-7.32,5.19,12.69,3.09
1970,2,1,28,-9.66,-2.09,8.52,1.25,3.1
1970,3,1,31,-9.52,-2.24,12.78,11.25,3.11
1970,4,1,30,-5.08,2.24,16.77,71.03,3.13
1970,5,1,31,-0.44,8.02,22.89,63.29,3.14
1970,6,1,30,5.55,14.57,25.97,108.77,3.15
1970,7,1,31,5.72,16.72,27.13,39.95,3.16
1970,8,1,31,4.6,16.71,23.53,7.92,3.18
1970,9,1,30,-0.25,9.31,15.82,73.21,3.19
1970,10,1,31,-5.28,4.17,9.76,15.15,3.2
1970,11,1,30,-10.22,-2.56,5.31,21.92,3.22
1970,12,1,31,-16.37,-7.96,4.63,10.29,3.23
1971,1,1,31,-15.52,-8.54,5.15,22.4,3.24
1971,2,1,28,-10.77,-3.57,8.56,6.32,3.26
1971,3,1,31,-9.69,-2.01,13.29,8.95,3.27
1971,4,1,30,-3.47,4.43,17.92,26.34,3.28
1971,5,1,31,-1.04,8.96,25.17,48.27,3.29
1971,6,1,30,3.71,13.13,26.99,55.51,3.3
1971,7,1,31,3.73,14.63,27.25,14.72,3.32
1971,8,1,31,6.95,18.76,23.16,17.95,3.33
1971,9,1,30,0.63,10.04,15.82,28.05,3.34
1971,10,1,31,-3.23,5.76,9.49,46.65,3.36
1971,11,1,30,-6.03,1.2,5.23,2.05,3.37
1971,12,1,31,-18.04,-9.36,4.76,9.45,3.38
1972,1,1,31,-16.13,-8.57,5.37,13.94,3.39
1972,2,1,29,-13.95,-7.2,8.31,24.41,3.4
1972,3,1,31,-7.5,0.19,13.35,26.79,3.42
1972,4,1,30,-4.33,4.41,19.81,33.74,3.43
1972,5,1,31,0.98,9.22,22.58,144.13,3.44
1972,6,1,30,3.76,13.26,27.35,171.64,3.46
1972,7,1,31,2.06,11.45,25.93,68.79,3.47
1972,8,1,31,5.88,16.56,22.49,81.9,3.48
1972,9,1,30,-0.57,8.59,15.54,30.66,3.49
1972,10,1,31,-5.63,4.06,9.98,9.12,3.51
1972,11,1,30,-5.14,1.52,4.68,5.34,3.52
1972,12,1,31,-17.37,-9.89,4.36,19.81,3.53
1973,1,1,31,-7.21,-1,4.74,0.35,3.54
1973,2,1,28,-7.35,-0.47,8.23,3.09,3.56
1973,3,1,31,-4.73,4.27,14.46,14.41,3.57
1973,4,1,30,-4.63,3.35,18.22,47.45,3.58
1973,5,1,31,-0.63,9.39,25.52,33,3.59
1973,6,1,30,3.36,13.15,27.14,72.53,3.61
1973,7,1,31,5.05,15.65,26.78,41.19,3.62
1973,8,1,31,6.09,17.58,23.16,29.54,3.63
1973,9,1,30,1.19,10.08,15.12,65.77,3.65
1973,10,1,31,-1.54,8.2,10.05,11.87,3.66
1973,11,1,30,-12.88,-5.12,5.68,32.14,3.67
1973,12,1,31,-12.08,-5.08,4.21,25.07,3.68
1974,1,1,31,-12.53,-5.21,5.25,9.05,3.69
1974,2,1,28,-7.18,-0.26,8.3,14.34,3.7
1974,3,1,31,-8,-0.34,13.17,35.9,3.72
1974,4,1,30,-2.9,5.6,19.01,26.39,3.73
1974,5,1,31,-1.66,6.78,23.39,157.64,3.74
1974,6,1,30,3.64,13.62,27.79,49.48,3.75
1974,7,1,31,6.75,17.64,27.08,95.67,3.76
1974,8,1,31,3.52,12.62,21.41,80.29,3.78
1974,9,1,30,0.4,9.81,15.99,5.5,3.79
1974,10,1,31,-2.36,8.19,10.47,17.21,3.8
1974,11,1,30,-5.55,2.17,5.46,16.37,3.81
1974,12,1,31,-7.48,-0.62,4.11,10.65,3.82
1975,1,1,31,-8.35,-1.32,5.2,4.12,3.83
1975,2,1,28,-13.02,-5.37,8.95,9.15,3.85
1975,3,1,31,-9.46,-1.84,13.01,35.51,3.86
1975,4,1,30,-5.95,0.89,16.39,65.07,3.87
1975,5,1,31,-0.44,7.8,22.96,93.85,3.88
1975,6,1,30,3.16,12.27,26.8,68.94,3.89
1975,7,1,31,6.73,17.52,26.59,83.4,3.9
1975,8,1,31,3.22,12.94,22.13,82.72,3.92
1975,9,1,30,0.48,10.36,16.21,37,3.93
1975,10,1,31,-3.42,5.62,9.43,62.9,3.94
1975,11,1,30,-7.57,0.19,5.47,27.3,3.95
1975,12,1,31,-11.92,-4.17,4.4,16.71,3.97
1976,1,1,31,-10.85,-3.6,5.23,8.12,3.97
1976,2,1,29,-5.81,1.11,8.29,6.43,3.99
1976,3,1,31,-8.57,-0.3,14.05,17.38,4
1976,4,1,30,-2.43,5.98,18.98,32.12,4.01
1976,5,1,31,-0.02,10.35,26.18,30.09,4.02
1976,6,1,30,3.58,12.26,25.75,163.88,4.24
1976,7,1,31,6.08,15.63,25.56,153.4,4.45
1976,8,1,31,5.81,16.09,22.23,36.2,4.66
1976,9,1,30,1.68,13.08,16.92,29.09,4.88
1976,10,1,31,-4.5,4.58,9.44,6.62,5.09
1976,11,1,30,-10.79,-1.57,6.12,22.17,5.3
1976,12,1,31,-11.16,-3.62,4.32,12.24,5.52
1977,1,1,31,-15.68,-8.06,5.4,14.46,5.73
1977,2,1,28,-5.24,1.29,7.98,3.26,5.94
1977,3,1,31,-6.45,2.11,13.87,3.15,6.16
1977,4,1,30,-2.54,7.05,20.33,8.92,6.37
1977,5,1,31,2.39,11.52,23.89,79.27,6.58
1977,6,1,30,4.93,13.97,26.13,48.45,6.8
1977,7,1,31,5.2,15.84,26.75,20.37,6.8
1977,8,1,31,2.39,12.04,21.84,34.08,6.72
1977,9,1,30,1.87,10.04,14.4,106.77,6.64
1977,10,1,31,-2.07,6.95,9.43,13.42,6.56
1977,11,1,30,-9.52,-1.81,5.55,20.19,6.48
1977,12,1,31,-14.64,-8.65,3.73,32.19,6.4
1978,1,1,31,-16.65,-9.95,5.15,5.58,6.22
1978,2,1,28,-13.07,-6.87,7.83,36.65,6.13
1978,3,1,31,-8.21,-0.83,12.88,15.75,5.97
1978,4,1,30,-2.41,4.87,17.05,22.04,5.85
1978,5,1,31,1.14,9.55,22.91,150.11,5.76
1978,6,1,30,3.1,12.68,27.43,84.16,5.64
1978,7,1,31,5.09,14.48,25.67,72.63,5.46
1978,8,1,31,3.83,14.34,22.61,25.45,4.97
1978,9,1,30,1.9,11.49,15.48,150.28,4.75
1978,10,1,31,-2.69,6.77,10.03,10.24,4.57
1978,11,1,30,-12.62,-4.68,5.53,29.62,4.39
1978,12,1,31,-16.92,-8.93,4.53,22.6,4.18
1979,1,1,31,-17.58,-10.79,5.22,3.63,3.96
1979,2,1,28,-17.69,-10.63,8.4,30.07,3.75
1979,3,1,31,-8.72,-1.36,12.71,16.14,3.57
1979,4,1,30,-5.9,1.09,16.76,43.1,3.47
1979,5,1,31,-1.76,6.49,22.83,103.8,3.51
1979,6,1,30,2.39,12.82,28.19,17.37,3.6
1979,7,1,31,5.98,16.3,26.44,57.85,3.81
1979,8,1,31,4.91,15.18,22.61,7.93,4.21
1979,9,1,30,2.15,13.52,16.97,20.09,4.75
1979,10,1,31,-1.61,7.92,9.91,17.67,5.33
1979,11,1,30,-8.16,-0.65,5.34,8.75,5.85
1979,12,1,31,-8.11,-0.38,4.34,4.42,6.43
1980,1,1,31,-13.64,-6.31,5.27,19.45,7.04
1980,2,1,29,-10.42,-3.32,8.6,5.05,7.59
1980,3,1,31,-8.66,-0.83,13.19,14.8,7.92
1980,4,1,30,-0.89,8,19.28,12.36,8.17
1980,5,1,31,1.81,11.59,25.15,16.97,8.38
1980,6,1,30,3.87,13.57,27.2,62.68,8.69
1980,7,1,31,5.5,16.87,27.17,6.02,9.02
1980,8,1,31,3.62,12.98,21.47,51.9,9.51
1980,9,1,30,1.47,11.09,15.84,44.47,10.21
1980,10,1,31,-1.95,6.85,9.19,40.28,10.85
1980,11,1,30,-4.59,3.38,5.48,9.91,11.22
1980,12,1,31,-11.6,-4.39,4.09,19.68,11.43
1981,1,1,31,-3.7,1.93,4.37,1.82,11.58
1981,2,1,28,-6.93,-0.35,8.02,3.12,11.7
1981,3,1,31,-5.43,3.71,14.24,15.76,11.86
1981,4,1,30,-3.11,5.87,19.94,14.83,11.86
1981,5,1,31,0.99,9.72,23.75,74.08,11.95
1981,6,1,30,2.12,11.1,26.22,66.64,12.16
1981,7,1,31,5.47,16.06,26.61,69.79,12.31
1981,8,1,31,6.37,17.52,23.12,11.31,12.65
1981,9,1,30,1.56,12.39,16.78,9.56,12.95
1981,10,1,31,-3.51,5.02,9.25,51.07,13.26
1981,11,1,30,-4.77,3.12,5.5,30.7,13.5
1981,12,1,31,-11.73,-5,4.11,9.15,13.69
1982,1,1,31,-19.54,-12.05,5.4,23.71,13.81
1982,2,1,28,-13.39,-5.89,8.68,24.84,13.93
1982,3,1,31,-8.82,-1.94,11.72,33.27,14.11
1982,4,1,30,-5.63,2.76,18.9,14.44,14.3
1982,5,1,31,-0.32,7.05,20.17,177.81,14.48
1982,6,1,30,2.75,12.25,27.27,43.68,14.66
1982,7,1,31,5.29,14.93,25.83,43.43,14.9
1982,8,1,31,5.07,15.46,22.53,38.59,15.18
1982,9,1,30,0.76,10.17,15.67,45.33,15.42
1982,10,1,31,-2.64,6.11,9.28,39.83,15.48
1982,11,1,30,-9.79,-1.82,5.66,0.88,15.42
1982,12,1,31,-10.77,-3.47,4.21,29.32,15.33
1983,1,1,31,-5.48,0.28,4.5,7.1,15.24
1983,2,1,28,-5.37,0.8,7.66,13.29,15.18
1983,3,1,31,-4.97,1.41,11.5,22.86,15.12
1983,4,1,30,-4.59,4.08,19.4,5.22,15.12
1983,5,1,31,-1.21,7.42,23.43,78.67,15.15
1983,6,1,30,3.08,12.61,27.08,19.34,15.21
1983,7,1,31,6.12,16.61,26.62,115.88,15.27
1983,8,1,31,7.44,18.99,23.12,23.6,15.33
1983,9,1,30,1.17,9.34,14.34,62.96,15.36
1983,10,1,31,-2.34,6.81,9.79,3.22,15.42
1983,11,1,30,-4.97,1.72,4.84,10.07,15.45
1983,12,1,31,-24.32,-16.93,4.45,11.59,15.48
1984,1,1,31,-7.16,-1.02,4.77,15.43,15.54
1984,2,1,29,-4.22,2.51,8.22,10.52,15.58
1984,3,1,31,-6.52,0.4,12.54,26.66,15.61
1984,4,1,30,-3,5.75,19.85,11.8,15.64
1984,5,1,31,-0.83,8.94,25.34,29.16,15.67
1984,6,1,30,4.05,13.05,26.1,81.66,15.7
1984,7,1,31,6.2,17.58,27.15,2.65,15.76
1984,8,1,31,7.26,18.39,22.61,19.12,15.76
1984,9,1,30,-0.05,7.41,13.37,56.93,15.79
1984,10,1,31,-4.16,4.43,9,18.92,15.79
1984,11,1,30,-6.55,0.32,4.97,6.58,15.79
1984,12,1,31,-18.75,-11.22,4.32,19.51,15.79
1985,1,1,31,-12,-5,5.13,1.34,15.76
1985,2,1,28,-11.53,-4.29,8.49,1.85,15.67
1985,3,1,31,-6.35,1.61,13.28,23.59,15.61
1985,4,1,30,-1.2,6.68,17.67,35.68,15.51
1985,5,1,31,1.59,11.04,24.29,105.77,15.42
1985,6,1,30,1.3,11.23,27.62,2.63,15.36
1985,7,1,31,5.77,16.98,26.85,8.68,15.27
1985,8,1,31,4.53,13.19,20.51,84.6,15.21
1985,9,1,30,0.13,7,12.9,57.82,15.09
1985,10,1,31,-3.8,4.97,9.36,23.39,14.97
1985,11,1,30,-18.24,-11.51,5.01,22.92,14.84
1985,12,1,31,-13.24,-5.81,4.32,14.81,14.69
1986,1,1,31,-4.33,1.39,4.51,12.87,14.57
1986,2,1,28,-12.08,-5.07,8.32,16.37,14.45
1986,3,1,31,-3.09,4.7,12.87,17.28,14.3
1986,4,1,30,-3.85,4.49,18.69,20.39,14.11
1986,5,1,31,0.66,9.57,23.29,105.65,13.99
1986,6,1,30,5.58,14.7,26.14,57.39,13.81
1986,7,1,31,5.11,14.49,25.25,44.95,13.62
1986,8,1,31,4.65,15.44,22.83,18.48,13.44
1986,9,1,30,1.02,7.45,11.88,123.36,13.26
1986,10,1,31,-1.72,7.41,9.48,23.72,13.08
1986,11,1,30,-9.35,-2.37,4.97,34.86,12.86
1986,12,1,31,-8.27,-1.49,4.09,1.77,12.65
1987,1,1,31,-5.48,0.61,4.72,3.2,12.44
1987,2,1,28,-4.67,1.67,7.83,3.73,12.1
1987,3,1,31,-5.55,0.98,11.14,29.65,11.89
1987,4,1,30,-1.05,7.53,18.94,18.08,11.67
1987,5,1,31,1.89,10.88,23.08,72.73,11.4
1987,6,1,30,4.07,13.85,27.19,26.6,11.19
1987,7,1,31,5.4,14.8,25.13,92.3,10.97
1987,8,1,31,3.29,12.37,21.25,38.5,10.79
1987,9,1,30,1.29,12.34,17,51.14,10.58
1987,10,1,31,-4.42,5.47,10.11,1.84,10.36
1987,11,1,30,-5.47,3.39,6.03,0.65,10.15
1987,12,1,31,-8.6,-1.18,4.31,0.61,9.88
1988,1,1,31,-12.87,-5.05,5.48,10.24,9.63
1988,2,1,29,-9.95,-2.51,8.51,9.71,9.39
1988,3,1,31,-5.92,2.36,13.86,14.06,9.17
1988,4,1,30,-3.86,5.59,20.47,9.64,8.93
1988,5,1,31,2.71,12.1,24.69,56.36,8.72
1988,6,1,30,6.62,15.78,26.24,60.85,8.5
1988,7,1,31,6.27,17,26.72,40.14,8.29
1988,8,1,31,5.6,16.22,22.33,19.1,8.11
1988,9,1,30,1.35,10.63,15.53,35.78,7.89
1988,10,1,31,-3.24,6.72,10.1,6.55,7.65
1988,11,1,30,-7.7,-0.12,5.39,6.02,7.41
1988,12,1,31,-10.55,-3.56,4.18,14.99,7.13
1989,1,1,31,-9.3,-2.47,5.03,15.77,6.89
1989,2,1,28,-16.23,-9.98,7.97,18.17,6.61
1989,3,1,31,-9.26,-2.06,12.64,14.04,6.34
1989,4,1,30,-3.3,4.58,17.62,39.4,6.04
1989,5,1,31,0.67,9.38,23.07,102.52,5.76
1989,6,1,30,3.22,12.85,27.11,27.58,5.49
1989,7,1,31,6.97,18.11,26.9,25.47,5.18
1989,8,1,31,6.29,15.95,21.74,58.67,4.85
1989,9,1,30,1.32,11.25,16.11,15.79,4.51
1989,10,1,31,-2.92,6.42,9.9,23.92,4.21
1989,11,1,30,-5.94,1.01,4.91,28.85,3.99
1989,12,1,31,-14,-6.32,4.37,14.33,3.84
1990,1,1,31,-4.95,0.94,4.51,7.64,3.72
1990,2,1,28,-9.61,-1.82,8.67,8.32,3.6
1990,3,1,31,-5.51,2.55,13.35,15.67,3.51
1990,4,1,30,-4.04,4.49,18.45,36.42,3.38
1990,5,1,31,0.49,9.19,23.78,61.26,3.29
1990,6,1,30,4.23,13.51,26.17,28.11,3.2
1990,7,1,31,5.53,15.44,26.08,42.58,3.11
1990,8,1,31,6.67,16.98,22.28,45.82,3.02
1990,9,1,30,2.45,14.23,17.24,7.32,2.9
1990,10,1,31,-4.26,6,10.29,5.18,2.83
1990,11,1,30,-7.17,0.72,5.45,22.98,2.74
1990,12,1,31,-17.01,-8.94,4.44,17.91,2.65
1991,1,1,31,-12.62,-5.51,5.23,5.88,2.59
1991,2,1,28,-4.3,2.19,7.83,15.59,2.5
1991,3,1,31,-6.43,1.6,13.37,30.78,2.38
1991,4,1,30,-1.68,5.68,15.95,45.88,2.35
1991,5,1,31,1.49,9.68,22.76,53.13,2.23
1991,6,1,30,5.53,13.73,24.66,203.89,2.16
1991,7,1,31,6.14,15.77,25.8,48.3,2.07
1991,8,1,31,7.05,18.09,22.78,29.71,2.01
1991,9,1,30,1.65,11.45,15.92,34.31,2.01
1991,10,1,31,-5.87,4.14,10.11,4.89,2.02
1991,11,1,30,-9.55,-1.63,5.7,16.3,2.03
1991,12,1,31,-8.92,-1.09,4.43,6.04,2.04
1992,1,1,31,-4.44,2.1,4.78,12.69,2.05
1992,2,1,29,-5.28,1.94,8.41,2.18,2.06
1992,3,1,31,-4.68,4.33,14.34,16.56,2.07
1992,4,1,30,-3.28,5.39,19.17,22.25,2.08
1992,5,1,31,0.23,10.22,24.9,34.46,2.08
1992,6,1,30,3.8,13.1,26.16,93.64,2.09
1992,7,1,31,3.93,12.45,24.13,78.26,2.1
1992,8,1,31,3.29,13.21,21.66,33.77,2.11
1992,9,1,30,0.71,10.44,15.83,29.82,2.12
1992,10,1,31,-2.76,6.12,9.15,23.06,2.13
1992,11,1,30,-4.8,0.81,3.87,25.46,2.14
1992,12,1,31,-14.95,-6.97,4.44,5.79,2.15
1993,1,1,31,-14.12,-6.59,5.43,4.95,2.16
1993,2,1,28,-13.43,-5.9,8.77,9.67,2.17
1993,3,1,31,-5.32,2.14,12.21,33.36,2.18
1993,4,1,30,-3.93,5.02,20.21,14.32,2.19
1993,5,1,31,0.17,9.86,24.64,24.47,2.19
1993,6,1,30,2.43,11.64,26.72,93.96,2.2
1993,7,1,31,4.16,12.48,23.84,230.8,2.21
1993,8,1,31,4.27,13.1,21.16,80.46,2.22
1993,9,1,30,-0.22,9.09,15.87,51.54,2.23
1993,10,1,31,-3.59,5.85,9.9,13.53,2.24
1993,11,1,30,-10.02,-2.34,5.43,31.95,2.25
1993,12,1,31,-8.51,-1.87,3.95,4.79,2.26
1994,1,1,31,-13.46,-6.79,4.98,17.59,2.27
1994,2,1,28,-16.74,-9.59,8.5,11.81,2.28
1994,3,1,31,-4.76,2.93,13.08,6.24,2.29
1994,4,1,30,-3.43,5.14,18.97,37.25,2.3
1994,5,1,31,1.29,10.32,23.99,123.45,2.3
1994,6,1,30,3.69,12.9,26.52,103.63,2.31
1994,7,1,31,5.05,16.04,27.08,6.75,2.32
1994,8,1,31,5.83,16.88,23.03,19.01,2.33
1994,9,1,30,2.31,13.96,17.03,8.65,2.33
1994,10,1,31,-2.1,6.36,8.96,59.62,2.34
1994,11,1,30,-7.14,0.25,5.29,11.08,2.35
1994,12,1,31,-9.81,-2.48,4.28,7.58,2.36
1995,1,1,31,-9.23,-2.63,4.95,6.04,2.37
1995,2,1,28,-7.17,0.12,8.49,3.29,2.37
1995,3,1,31,-7.53,0.52,12.92,35.88,2.38
1995,4,1,30,-5.82,2.58,19.33,30.76,2.39
1995,5,1,31,-0.94,8.36,24.04,37.77,2.4
1995,6,1,30,4.38,13.67,26.3,173.5,2.41
1995,7,1,31,5.84,14.94,25.23,65.83,2.42
1995,8,1,31,5.75,16.14,22.72,53.4,2.42
1995,9,1,30,1.39,11.14,16.24,17.22,2.43
1995,10,1,31,-2.36,6.13,9.4,41.91,2.44
1995,11,1,30,-8.41,-1.34,5.19,16.59,2.45
1995,12,1,31,-13.27,-6.21,4.16,9.47,2.46
1996,1,1,31,-16.31,-8.9,5.36,19.78,2.47
1996,2,1,29,-9.11,-1.98,8.52,3.05,2.47
1996,3,1,31,-11.3,-3.84,13.17,8.65,2.48
1996,4,1,30,-4.13,4.17,19.38,14.75,2.49
1996,5,1,31,-1.02,6.61,22.33,52.49,2.5
1996,6,1,30,5.09,13.95,26.3,109.85,2.51
1996,7,1,31,5.53,15.87,26.81,6.36,2.51
1996,8,1,31,6.47,18.03,23.15,6.79,2.52
1996,9,1,30,1.62,10.06,15.1,99.18,2.53
1996,10,1,31,-3.47,5.89,9.88,4.2,2.54
1996,11,1,30,-15.09,-9.29,4.24,63.38,2.55
1996,12,1,31,-17.19,-10.63,3.99,19.25,2.56
1997,1,1,31,-15.2,-7.8,5.35,5.84,2.57
1997,2,1,28,-8.16,-1.38,8.22,1.74,2.57
1997,3,1,31,-8.03,-0.45,12.97,24.24,2.58
1997,4,1,30,-4.3,3.64,18.24,61.26,2.59
1997,5,1,31,-0.05,9.03,24.37,39.13,2.6
1997,6,1,30,6.28,15.13,26.07,52.67,2.61
1997,7,1,31,6.34,15.93,25.87,69.11,2.62
1997,8,1,31,6.16,17.05,22.77,40.11,2.63
1997,9,1,30,2.64,14.25,17.24,29.24,2.64
1997,10,1,31,-2.07,6.93,9.75,26.98,2.65
1997,11,1,30,-6.71,0.73,5.4,14.44,2.65
1997,12,1,31,-6.98,-0.08,4.12,0.26,2.66
1998,1,1,31,-12.15,-4.79,5.26,6.09,2.67
1998,2,1,28,-3.86,2.25,7.51,8,2.68
1998,3,1,31,-8.01,-0.78,12.5,20.92,2.69
1998,4,1,30,-1.78,6.63,18.77,26.87,2.7
1998,5,1,31,1,10.66,25.33,18.38,2.71
1998,6,1,30,2.43,11.35,26.37,75.86,2.72
1998,7,1,31,6.75,17.67,27.01,43.57,2.72
1998,8,1,31,7.11,18.47,23.1,30.26,2.73
1998,9,1,30,2.71,14.79,17.36,18.56,2.74
1998,10,1,31,-1.72,7.17,9.3,69.29,2.75
1998,11,1,30,-4.04,1.78,4.11,23.9,2.76
1998,12,1,31,-10.92,-4.41,3.94,17.13,2.77
1999,1,1,31,-10.8,-4,5.07,16.19,2.78
1999,2,1,28,-5.68,0.77,7.79,15.2,2.79
1999,3,1,31,-5.52,1.9,12.93,14.05,2.8
1999,4,1,30,-2.29,5.64,18.46,37.01,2.8
1999,5,1,31,-1.05,7.91,24.21,127.98,2.81
1999,6,1,30,3.54,12.38,26.41,80.2,2.82
1999,7,1,31,5.05,14.99,26.08,51.9,2.83
1999,8,1,31,6.58,17.25,22.69,57.23,2.84
1999,9,1,30,0.47,9.61,15.38,42.8,2.85
1999,10,1,31,-2.95,6.7,10.07,21.55,2.86
1999,11,1,30,-3.38,5.22,5.81,11.42,2.87
1999,12,1,31,-6.84,0.33,4.21,8.76,2.87
2000,1,1,31,-8.53,-1.83,5,16.85,2.88
2000,2,1,29,-7.71,-0.39,8.57,8.96,2.89
2000,3,1,31,-4.87,3.6,14.03,20.2,2.9
2000,4,1,30,-3.24,5.33,19.42,37.5,2.91
2000,5,1,31,1.22,10.36,24.78,79.59,2.92
2000,6,1,30,3.28,12.08,26.05,132.11,2.93
2000,7,1,31,6.99,17.44,26.62,106.09,2.94
2000,8,1,31,6.41,17.35,22.77,9.93,2.94
2000,9,1,30,2.14,11.56,15.4,57.38,2.95
2000,10,1,31,-2,7.4,9.68,24.29,2.96
2000,11,1,30,-10.87,-3.89,5.03,14.75,2.97
2000,12,1,31,-16.77,-9.45,4.23,9.89,2.98
2001,1,1,31,-5.07,0.66,4.49,7.33,2.99
2001,2,1,28,-14.42,-7.05,8.81,3.81,3
2001,3,1,31,-6.4,1.42,13.41,7.02,3.01
2001,4,1,30,-2.74,5.43,18.74,22.03,3.02
2001,5,1,31,0.34,10.19,25.73,46.14,3.03
2001,6,1,30,3.9,12.44,25.31,109.61,3.03
2001,7,1,31,6.67,16.6,26.23,150.44,3.04
2001,8,1,31,6.81,18.27,23.2,0.22,3.05
2001,9,1,30,2.6,13.07,16.63,25.65,3.06
2001,10,1,31,-3.05,6.16,9.99,17.51,3.07
2001,11,1,30,-4.33,4.06,5.68,11.77,3.08
2001,12,1,31,-10.16,-2.69,4.37,0.92,3.09
2002,1,1,31,-7.28,-0.82,4.82,8.71,3.1
2002,2,1,28,-6.88,0.45,8.49,5.44,3.11
2002,3,1,31,-15.23,-8.68,11.51,16,3.11
2002,4,1,30,-8.05,1.69,21.03,26,3.12
2002,5,1,31,-1.93,7.44,24.48,36.86,3.13
2002,6,1,30,4.79,13.48,25.34,145.93,3.14
2002,7,1,31,6.89,17.98,27.2,40.74,3.15
2002,8,1,31,5.43,14.08,20.98,86.27,3.16
2002,9,1,30,2.33,12.12,16.26,67.81,3.17
2002,10,1,31,-6.83,2.53,10.11,21.41,3.17
2002,11,1,30,-5.07,2.89,5.65,6.12,3.18
2002,12,1,31,-7.42,-0.44,4.14,1.93,3.19
2003,1,1,31,-8.37,-1.76,4.98,10.74,3.2
2003,2,1,28,-11,-3.39,8.81,11.75,3.21
2003,3,1,31,-8.74,-0.54,13.61,14.46,3.22
2003,4,1,30,-1.33,6.85,18.49,35.89,3.23
2003,5,1,31,0.97,9.46,23.15,92.11,3.23
2003,6,1,30,3.89,12.77,26.27,66.41,3.24
2003,7,1,31,6.7,18.61,27.67,37.29,3.25
2003,8,1,31,7.44,18.8,23,27.93,3.26
2003,9,1,30,1.95,11.33,15.96,39.79,3.27
2003,10,1,31,-1.28,8.63,10.12,20.92,3.28
2003,11,1,30,-14.29,-6.1,5.82,17.85,3.29
2003,12,1,31,-9.26,-2.81,3.98,19.83,3.29
2004,1,1,31,-12.9,-6.39,5.01,23.3,3.3
2004,2,1,29,-10.88,-3.84,8.4,14.21,3.31
2004,3,1,31,-5.85,1.85,13.28,10.53,3.32
2004,4,1,30,-2.2,6.45,19.62,30.67,3.33
2004,5,1,31,-0.86,7.36,22.71,155.83,3.34
2004,6,1,30,2.15,11.12,26.42,79.97,3.35
2004,7,1,31,5.95,15.5,25.69,79.33,3.35
2004,8,1,31,4.26,13.21,21.06,59.83,3.36
2004,9,1,30,2.07,12.21,16.53,14.91,3.37
2004,10,1,31,-3.03,5.91,9.07,19.32,3.38
2004,11,1,30,-5.67,2.6,5.69,10.49,3.39
2004,12,1,31,-8.48,-1.49,3.98,13.75,3.39
2005,1,1,31,-13.45,-6.14,5.27,3.69,3.4
2005,2,1,28,-6.52,0.78,8.67,3.96,3.41
2005,3,1,31,-5.11,2.73,12.84,19.59,3.42
2005,4,1,30,-1.87,6.73,18.93,39.79,3.43
2005,5,1,31,-0.48,8.32,23.86,47.92,3.43
2005,6,1,30,5.48,13.55,24.88,152.81,3.44
2005,7,1,31,6.41,17.27,27.17,17.48,3.45
2005,8,1,31,5.18,16.29,22.98,42.36,3.46
2005,9,1,30,2.3,12.6,16.67,59.12,3.47
2005,10,1,31,-2.4,7,9.93,17.31,3.47
2005,11,1,30,-7.09,0.11,5.23,34.61,3.48
2005,12,1,31,-11.13,-5.2,3.7,11.47,3.49
2006,1,1,31,-2.5,2.86,4.33,11.25,3.5
2006,2,1,28,-9.12,-1.99,8.42,22.63,3.5
2006,3,1,31,-7.12,-0.09,12.38,25.49,3.51
2006,4,1,30,-1.54,7,19.21,40.15,3.52
2006,5,1,31,1.2,10.29,23.89,63.44,3.53
2006,6,1,30,4.43,13.7,26.54,21.93,3.54
2006,7,1,31,6.83,19.36,27.92,3.59,3.54
2006,8,1,31,5.03,16.19,22.8,13.94,3.55
2006,9,1,30,1.6,10.84,15.48,65.54,3.56
2006,10,1,31,-5.84,3.08,9.66,35.35,3.57
2006,11,1,30,-7.67,-0.2,5.33,10.97,3.58
2006,12,1,31,-9.73,-2.12,4.32,4.61,3.58
2007,1,1,31,-7.5,-0.84,5.05,1.4,3.59
2007,2,1,28,-11.07,-4.22,8.23,10.01,3.6
2007,3,1,31,-4.44,4.06,13.73,12.07,3.61
2007,4,1,30,-4.03,4.24,18.92,29.09,3.61
2007,5,1,31,1.32,9.89,23.24,177.89,3.62
2007,6,1,30,5.05,13.62,25.94,55.31,3.63
2007,7,1,31,7.2,19.76,27.87,10.65,3.64
2007,8,1,31,6.18,16.35,22.46,19.28,3.65
2007,9,1,30,1.51,11.24,16.21,24.75,3.65
2007,10,1,31,-2.09,7.1,9.72,52.11,3.66
2007,11,1,30,-6.56,0.91,5.39,5.54,3.67
2007,12,1,31,-11.46,-4.02,4.34,1.71,3.68
2008,1,1,31,-11.15,-3.02,5.51,6.04,3.69
2008,2,1,29,-10.46,-2.89,8.79,8.8,3.7
2008,3,1,31,-6.31,2,14.14,13.36,3.7
2008,4,1,30,-5.67,3.77,20.88,29.76,3.71
2008,5,1,31,-0.08,8.72,24.12,83.08,3.72
2008,6,1,30,2.82,11.79,26.44,92.06,3.73
2008,7,1,31,5.06,15.89,26.94,44.88,3.74
2008,8,1,31,4.57,15.94,23.08,30,3.75
2008,9,1,30,1.49,11.34,15.96,61,3.75
2008,10,1,31,-2.63,6.46,9.42,34.48,3.76
2008,11,1,30,-4.44,3,5.1,12.7,3.77
2008,12,1,31,-19.17,-11.43,4.39,42.02,3.78
2009,1,1,31,-12.39,-5.08,5.3,13.71,3.79
2009,2,1,28,-10.13,-3.46,8.22,3.89,3.79
2009,3,1,31,-9.53,-1.68,13.22,10.87,3.8
2009,4,1,30,-3.78,4.3,18.32,36.08,3.81
2009,5,1,31,-1.03,8.48,25.22,52.03,4.64
2009,6,1,30,2.19,12.19,27.37,18.85,5.47
2009,7,1,31,5.1,14.66,25.91,54.67,6.29
2009,8,1,31,5.3,14.55,21.51,57.66,7.12
2009,9,1,30,2.77,14.92,17.42,22.06,6.89
2009,10,1,31,-4.25,3.69,8.7,64.39,6.66
2009,11,1,30,-4.54,3.95,5.9,0.59,6.45
2009,12,1,31,-19.32,-12.89,3.97,6.22,6.27
2010,1,1,31,-9.16,-3.53,4.4,14.63,5.98
2010,2,1,28,-11.72,-5.17,7.99,2.26,5.67
2010,3,1,31,-5.74,1.97,13.1,5.65,5.33
2010,4,1,30,-2.74,5.45,18.32,38.66,4.98
2010,5,1,31,-1.41,6.53,22.08,156.16,4.75
2010,6,1,30,3.88,12.46,25.9,116.14,4.6
2010,7,1,31,5.5,15.43,26.33,35.65,4.59
2010,8,1,31,6.02,15.9,22.01,62.79,4.58
2010,9,1,30,1.49,9.73,14.61,84.45,4.57
2010,10,1,31,-1.94,7.91,10.22,5.5,4.44
2010,11,1,30,-8.82,-1.61,5.13,17.38,4.24
2010,12,1,31,-14.49,-8.03,3.93,79.85,4.05
2011,1,1,31,-11.91,-5.55,4.86,50.07,3.86
2011,2,1,28,-13.69,-6.83,8.15,23.04,3.7
2011,3,1,31,-10,-3.78,10.94,31.02,3.54
2011,4,1,30,-4.84,2.92,17.98,21.23,3.45
2011,5,1,31,0.06,7.12,20.14,172.41,3.41
2011,6,1,30,3.56,12,25.9,183.85,3.48
2011,7,1,31,6.82,16.9,26.52,90.29,3.57
2011,8,1,31,6.75,17.06,22.56,37.78,3.64
2011,9,1,30,2.22,13.53,17.16,20.56,3.55
2011,10,1,31,-1.42,8.11,10.13,28.72,3.69
2011,11,1,30,-7.74,0.08,5.6,27.61,4.07
2011,12,1,31,-9.11,-2.24,4.06,9.4,4.22
2012,1,1,31,-6.3,0.24,4.82,3.44,4.24
2012,2,1,29,-8.29,-1.16,8.53,30.73,4.2
2012,3,1,31,-3.89,5.07,14.37,8.81,4.32
2012,4,1,30,-2.49,5.87,18.69,55.03,4.56
2012,5,1,31,-0.15,8.68,23.77,144.13,4.71
2012,6,1,30,4.02,12.91,26.4,78.42,4.87
2012,7,1,31,6.89,18.26,27.28,36.03,4.99
2012,8,1,31,5.35,16.78,23,24.35,5.48
2012,9,1,30,1.74,13.02,17.08,4.88,5.82
2012,10,1,31,-3.25,4.7,8.67,41.4,5.92
2012,11,1,30,-7.41,-0.89,4.6,23.97,6.08
2012,12,1,31,-12.12,-5.15,4.21,19.72,6.39
2013,1,1,31,-9.61,-2.76,4.98,15.99,6.97
2013,2,1,28,-7.75,-0.88,8.32,4.21,7.71
2013,3,1,31,-10.11,-2.53,13.23,31.2,8.54
2013,4,1,30,-6.95,1.52,19.37,42.17,9.33
2013,5,1,31,0.85,9.83,23.61,142.07,9.88
2013,6,1,30,3.5,12.28,26.4,139.42,10.33
2013,7,1,31,5.48,14.7,25.59,31.9,10.7
2013,8,1,31,6.34,16.73,22.53,52.06,11.07
2013,9,1,30,2.65,13.81,16.99,76.2,11.46
2013,10,1,31,-4.54,4.72,9.96,8.02,11.83
2013,11,1,30,-8.98,-0.67,5.71,21.34,12.14
2013,12,1,31,-17.16,-9.63,4.27,23.3,12.47
2014,1,1,31,-8.83,-1.88,4.99,5.35,12.79
2014,2,1,28,-15.11,-7.32,8.9,15.19,13.09
2014,3,1,31,-9.17,-1.64,13.11,24.17,13.38
2014,4,1,30,-6.37,2.77,19.82,39.51,13.66
2014,5,1,31,-1.78,7.75,24.58,92.86,13.95
2014,6,1,30,1.59,10.66,26.71,113.17,14.2
2014,7,1,31,4.27,14.69,26.96,47.81,14.44
2014,8,1,31,5.31,14.28,20.63,113.85,14.7
2014,9,1,30,0.56,9.51,14.94,51.99,14.92
2014,10,1,31,-2.45,7.01,9.96,20.93,15.12
2014,11,1,30,-14.77,-6.26,5.96,34.16,15.24
2014,12,1,31,-9.94,-3.42,3.93,6.2,15.3
2015,1,1,31,-7.75,-1.45,4.83,21.14,15.36
2015,2,1,28,-10.43,-2.89,8.75,16.94,15.41
2015,3,1,31,-5.29,3.53,13.72,33.71,15.49
2015,4,1,30,-3.1,5.6,19.04,44.24,15.54
2015,5,1,31,-2.38,7.16,24.84,56.05,15.53
2015,6,1,30,3.26,13.06,27.32,36.27,15.51
2015,7,1,31,4.87,14.96,26.09,162.66,15.51
2015,8,1,31,4,14.7,22.95,44.22,15.44
2015,9,1,30,0.95,11.05,16.35,29.33,15.42
2015,10,1,31,-2.56,6.91,9.82,63.52,15.4
2015,11,1,30,-6.98,0.73,5.24,26.49,15.39
2015,12,1,31,-9.96,-3.17,3.97,27.21,15.39
